,,
,Social Vulnerability Indicator,SVI explanation
,EP_POV,Percentage of persons below poverty estimate 
,EP_LIMENG,"Percentage of persons (age 5+) who speak English ""less than well"" estimate, 2014-2018 ACS "
,EP_AGE65,"Percentage of persons aged 65 and older estimate, 2014-2018 ACS "
,EP_MINRTY,"Percentage minority (all persons except white, non-Hispanic) estimate, 2014-2018 ACS "
,EP_UNEMP,Unemployment Rate estimate 
,EP_NOHSDP,Percentage of persons with no high school diploma (age 25+) estimate 
,EP_AGE17,"Percentage of persons aged 17 and younger estimate, 2014-2018 ACS "
,EP_DISABL,"Percentage of civilian noninstitutionalized population with a disability estimate, 2014-2018 ACS "
,EP_SNGPNT,"Percentage of single parent households with children under 18 estimate, 2014-2018 ACS "
,EP_MUNIT,Percentage of housing in structures with 10 or more units estimate 
,EP_MOBILE,Percentage of mobile homes estimate 
,EP_CROWD,Percentage of occupied housing units with more people than rooms estimate 
,EP_NOVEH,Percentage of households with no vehicle available estimate 
,EP_GROUPQ,"Percentage of persons in institutionalized group quarters estimate, 2014-2018 ACS "
